id,category,question,grade,subject,concept_id,gold_chunk_id
Q1,concept_explanation,"What are equivalent fractions and how do we find them?",4,Math,M408,
Q2,prerequisite,"What do students need to know about fractions before learning decimals?",5,Math,M508,
Q3,example_request,"Give an example of a fraction as a part of a whole.",4,Math,M407,
Q4,misconception,"Why might a student think 1/8 is larger than 1/4?",4,Math,M409,
Q5,activity_resource,"How can fractions be shown using equal parts of a whole?",4,Math,M406,
Q6,grade_specific,"How are numbers up to 1000 written using place value?",3,Math,M302,
Q7,cross_concept,"How is multiplication the same as repeated addition?",3,Math,M307,
Q8,concept_explanation,"How do you do long division step by step?",5,Math,M503,
Q9,prerequisite,"What are factors and multiples of a number?",5,Math,M405,
Q10,concept_explanation,"How do you find the perimeter of a rectangle?",4,Math,M412,
Q11,concept_explanation,"What is the difference between the boundary of a shape and the space inside it?",4,Math,M412,
Q12,grade_specific,"How are fractions written as decimals?",5,Math,M508,
Q13,example_request,"What are the different types of angles?",5,Math,M411,
Q14,cross_concept,"How does place value help when adding two numbers with carrying?",3,Math,M304,
Q15,concept_explanation,"How do you read the minute hand on a clock?",3,Math,M315,
Q16,misconception,"Why do students sometimes write 305 as 3005 when writing numbers from words?",3,Math,M301,
Q17,activity_resource,"How can bundles of sticks be used to show ones, tens and hundreds?",3,Math,M302,
Q18,prerequisite,"What must a student understand before learning subtraction with borrowing?",3,Math,M305,
Q19,misconception,"Why do students subtract the smaller digit from the larger one instead of borrowing?",3,Math,M306,
Q20,concept_explanation,"How are the tables of 2 to 10 built up?",3,Math,M308,
Q21,cross_concept,"How does counting sides and corners help us tell shapes apart?",3,Math,M310,
Q22,activity_resource,"How can everyday objects be used to compare weights?",3,Math,M313,
Q23,grade_specific,"What patterns and symmetry are children expected to notice in Grade 3?",3,Math,M316,
Q24,example_request,"Give an example of a pictograph and what it shows.",3,Math,M319,
Q25,concept_explanation,"How do we read and write numbers up to 10000?",4,Math,M401,
Q26,cross_concept,"How do the multiplication tables help when multiplying two-digit numbers?",4,Math,M402,
Q27,misconception,"Why do students write the remainder as part of the quotient in division?",4,Math,M404,
Q28,example_request,"Give an example of dividing a group of objects into equal shares.",4,Math,M403,
Q29,misconception,"Why might a student say 2/4 and 1/2 are different fractions?",4,Math,M408,
Q30,activity_resource,"How can paper folding be used to show equal parts of a whole?",4,Math,M406,
Q31,prerequisite,"What should students know about lines before learning about angles?",4,Math,M410,
Q32,concept_explanation,"How do we work out a duration using a calendar?",4,Math,M414,
Q33,grade_specific,"How are large numbers read and written in Grade 4?",4,Math,M415,
Q34,cross_concept,"How does place value help when adding and subtracting large numbers?",4,Math,M416,
Q35,concept_explanation,"How do we measure weight in kilograms and grams?",4,Math,M417,
Q36,activity_resource,"How can folding and mirrors show symmetry in shapes?",4,Math,M420,
Q37,example_request,"Give an example of data shown as a bar graph.",4,Math,M421,
Q38,grade_specific,"How are numbers up to one lakh read and written?",5,Math,M501,
Q39,prerequisite,"What must a student know before attempting long division?",5,Math,M503,
Q40,concept_explanation,"What is the difference between HCF and LCM?",5,Math,M504,
Q41,misconception,"Why do students add both numerators and denominators when adding fractions?",5,Math,M506,
Q42,concept_explanation,"How do we subtract fractions with the same denominator?",5,Math,M507,
Q43,cross_concept,"How do types of angles help us classify triangles?",5,Math,M511,
Q44,misconception,"Why do students confuse perimeter with area of a rectangle?",5,Math,M512,
Q45,concept_explanation,"How do we find the area of a triangle?",5,Math,M522,
Q46,example_request,"Give an example showing the radius and diameter of a circle.",5,Math,M523,
Q47,activity_resource,"How can everyday objects be used to identify cubes, cuboids and cylinders?",5,Math,M524,
Q48,concept_explanation,"How do we find the volume of a cube and a cuboid?",5,Math,M525,
Q49,cross_concept,"How is unit conversion used in speed, distance and time problems?",5,Math,M526,
Q50,concept_explanation,"What is the BODMAS rule and why does order matter?",5,Math,M529,