pdf_filename,concept_ids,grade,subject
cemm101.pdf,M301;M302,3,Math
cemm102.pdf,M309;M310,3,Math
cemm103.pdf,M303;M304;M305;M306,3,Math
cemm104.pdf,M307;M308,3,Math
cemm105.pdf,M309;M310;M316,3,Math
cemm106.pdf,M301;M302,3,Math
cemm107.pdf,M307;M308,3,Math
cemm108.pdf,M313,3,Math
cemm109.pdf,M311;M312,3,Math
cemm110.pdf,M319,3,Math
cemm111.pdf,M318,3,Math
cemm112.pdf,M303;M304;M305,3,Math
cemm113.pdf,M314;M315,3,Math
demm103.pdf,M415;M416,4,Math
demm104.pdf,M401,4,Math
demm106.pdf,M410;M411;M412,4,Math
demm107.pdf,M417,4,Math
demm109.pdf,M406;M407;M408;M409,4,Math
demm111.pdf,M420;M425,4,Math
demm112.pdf,M414,4,Math
demm113.pdf,M402;M403;M404,4,Math
demm114.pdf,M421,4,Math
eemm101.pdf,M501;M515;M516,5,Math
eemm102.pdf,M505;M506;M507;M511;M517;M518;M521;M523,5,Math
eemm103.pdf,M411;M512,5,Math
eemm104.pdf,M502;M503;M529,5,Math
eemm106.pdf,M405;M504;M530,5,Math
eemm109.pdf,M503;M524,5,Math
eemm110.pdf,M420,5,Math
eemm111.pdf,M512;M522,5,Math
eemm112.pdf,M513;M514;M525;M526,5,Math
eemm113.pdf,M405;M502,5,Math
eemm114.pdf,M526,5,Math